Metric,Class_0_Healthy,Class_1_Depressed,Overall
Accuracy,,,0.7410596026490066
F1 Score,0.8049875311720698,0.6147783251231527,0.6147783251231527
ROC AUC,,,0.7704220732742405
Precision,0.7802755620014503,0.6558066211245402,
Recall,0.8313159927890806,0.5785813630041725,
Support,3883.0,2157.0,6040.0
