Metric,Class_0_Healthy,Class_1_Depressed,Overall
Accuracy,,,0.8239389920424404
F1 Score,0.8637762955361724,0.7511715089034676,0.7511715089034676
ROC AUC,,,0.9016379743906526
Precision,0.8609051393505497,0.7557755775577558,
Recall,0.8666666666666667,0.7466231951560317,
Support,3885.0,2147.0,6032.0
